"Qty";"Value";"Device";"Package";"Parts";"Description";"DESCRIPTION";"DIGI-KEY_PART_NUMBER";"MF";"MP";"PACKAGE";"POPULARITY";"PROD_ID";"SF_ID";"SPICEPREFIX";"TP_SIGNAL_NAME";"VALUE";
"2";"0.1uF";"C-EUC0201";"C0201";"C19, C31";"CAPACITOR, European symbol";"";"445-7318-1-ND";"TDK Corporation";"C0603X5R1A104K030BC";"";"0";"";"";"C";"";"";
"1";"0.1uF";"C-EUC0201";"C0201";"C23";"CAPACITOR, European symbol";"";"1276-1318-1-ND";"Samsung Electro-Mechanics";"CL03A104KA3NNNC";"";"0";"";"";"C";"";"";
"3";"0.1uF";"C-EUC0402";"C0402";"C7, C17, C26";"CAPACITOR, European symbol";"";"490-11917-1-ND";"Murata Electronics";"GRM155R61H104KE19D";"";"18";"";"";"C";"";"";
"1";"0.5A/40V/420mV";"DIODE-SCHOTTKY-PMEG4005EJ";"SOD-323";"D2";"Schottky diode";"";"1727-5209-1-ND";"Nexperia USA Inc.";"PMEG4005AEA,115";"";"";"DIO-10955";"";"";"";"0.5A/40V/420mV";
"1";"1.8V/100mA";"V_REG_SP6214-1.8V";"SC70";"U4";"Voltage Regulator - SP6214";"";"576-2807-1-ND";"Microchip Technology";"MIC5253-1.8YC5-TR";"";"";"VREG-08428";"";"";"";"1.8V/100mA";
"8";"10k";"R-US_R0402";"R0402";"R17, R19, R23, R27, R29, R34, R38, R39";"RESISTOR, American symbol";"";"541-10KATCT-ND";"Vishay Dale";"CRCW040210K0JNEDIF";"";"34";"";"";"R";"";"";
"2";"10k";"R-US_R0402";"R0402";"R9, R10";"RESISTOR, American symbol";"";"RMCF0402JT10K0CT-ND";"Stackpole Electronics Inc.";"RMCF0402JT10K0";"";"34";"";"";"R";"";"";
"2";"10k";"R0603R0603W";"R_0603";"R15, R16";"";"";"311-10.0KHRCT-ND";"Yageo";"RC0603FR-0710KL";"";"";"";"";"";"";"";
"5";"10uF";"C0603C0603W";"C_0603";"C10, C11, C21, C22, C33";"";"";"445-9015-1-ND";"TDK Corporation";"C1608X5R1E106M080AC";"";"";"";"";"";"";"";
"2";"15nF";"C-EUC0402";"C0402";"C8, C16";"CAPACITOR, European symbol";"";"490-16428-1-ND";"Murata Electronics";"GCM155R71H153JA55D";"";"18";"";"";"C";"";"";
"1";"1k";"R-US_R0402";"R0402";"R4";"RESISTOR, American symbol";"";"RMCF0402JT1K00CT-ND";"Stackpole Electronics Inc.";"RMCF0402JT1K00";"";"34";"";"";"R";"";"";
"1";"1nF";"C-EUC0402";"C0402";"C9";"CAPACITOR, European symbol";"";"732-7556-1-ND";"Würth Elektronik";"885012205061 ";"";"18";"";"";"C";"";"";
"7";"1uF";"C-EUC0402";"C0402";"C4, C12, C13, C15, C18, C20, C24";"CAPACITOR, European symbol";"";"311-1439-1-ND";"Yageo";"CC0402KRX5R6BB105";"";"18";"";"";"C";"";"";
"2";"20V/0.2A/8MHz/1.2Ω/1Vth";"MOSFET-NCH-RE1C00UNTL";"SOT-416FL";"Q1, Q2";"N-channel MOSFETs";"";"RE1C002UNTCLCT-ND";"Rohm Semiconductor";"RE1C002UNTCL";"";"";"TRANS-14399";"";"";"";"20V/0.2A/8MHz/1.2Ω/1Vth";
"3";"22nF/50V";"C-EUC0402";"C0402";"C2, C3, C5";"CAPACITOR, European symbol";"";"490-6360-1-ND";"Murata Electronics";"GRM155R71H223KA12J";"";"18";"";"";"C";"";"";
"1";"33nF/50V";"C-EUC0402";"C0402";"C1";"CAPACITOR, European symbol";"";"490-13296-1-ND";"Murata Electronics";"GRM155R71H333KE02D";"";"18";"";"";"C";"";"";
"1";"33nH/±5%/500mA";"INDUCTOR-0603-33NH";"0603";"L1";"Inductors";"";"490-14837-1-ND";"Murata Electronics";"LQG18HH33NJ00D";"";"";"NDUC-07874";"";"";"";"33nH/±5%/500mA";
"1";"36";"R-US_R0805";"R0805";"R2";"RESISTOR, American symbol";"";"P36ADCT-ND";"Panasonic Electronic Components";"ERJ-P06J360V";"";"85";"";"";"R";"";"";
"1";"39.2k";"R-US_R0402";"R0402";"R33";"RESISTOR, American symbol";"";"311-39.2KLBCT-ND";"Yageo";"AC0402FR-0739K2L";"";"34";"";"";"R";"";"";
"4";"4.7k";"R-US_R0402";"R0402";"R5, R6, R7, R8";"RESISTOR, American symbol";"";"RMCF0402JT4K70CT-ND";"Stackpole Electronics Inc.";"RMCF0402JT4K70";"";"34";"";"";"R";"";"";
"2";"470";"R-US_R0402";"R0402";"R1, R3";"RESISTOR, American symbol";"";"RMCF0402JT470RCT-ND";"Stackpole Electronics Inc.";"RMCF0402JT470R";"";"34";"";"";"R";"";"";
"2";"47nF";"C-EUC0402";"C0402";"C6, C14";"CAPACITOR, European symbol";"";"490-10702-1-ND";"Murata Electronics";"GRM155R71H473KE14D";"";"18";"";"";"C";"";"";
"2";"5.1k";"R-US_R0402";"R0402";"R13, R14";"RESISTOR, American symbol";"";"CR0402-JW-512GLFCT-ND";"Bourns Inc.";"CR0402-JW-512GLF";"";"34";"";"";"R";"";"";
"1";"600Ω/100MHz";"FERRITE_BEAD-0603";"0603";"FB1";"Ferrite Bead (blocks, cores, rings, chokes, etc.)";"";"445-172898-1-ND";"TDK Corporation";"MPZ1608S601ATD25";"";"";"NDUC-07859";"";"";"";"30Ω/1.8A";
"1";"CHARGING_COIL";"CHARGING_COIL";"CHARGING_COIL";"U$3";"";"";"";"";"";"";"";"";"";"";"";"";
"1";"GPS_PROG";"WIRES_2MM_02SMD";"WIRES_2MM_02SMD";"J3";"2 pin surface mount 2mm pitch";"";"";"";"";"";"";"";"";"";"";"";
"1";"ICM-20948";"ICM-20948";"QFN40P300X300X105-24N";"U3";"Axis=3 Axis Gyro+3 Axis Accel+Compass. Pin For Pin With m";" Accelerometer, Gyroscope, Magnetometer, 9 Axis Sensor I²C, SPI Output ";"1428-1123-1-ND";"TDK InvenSense";"ICM-20948";"QFN-24 InvenSense";"";"";"";"";"";"";
"1";"KELLER_BREAKOUT";"WIRES_2MM_05";"WIRES_2MM_05";"J2";"5 pin through hole 2mm pitch";"";"";"";"";"";"";"";"";"";"";"";
"1";"MOLEX_87759_1450";"MOLEX_87759_1450";"87759-1450";"BATT_CONNECT";"";"";"WM18654-ND";"MOLEX";"0877591450";"";"";"";"";"";"";"";
"3";"NP";"R-US_R0402";"R0402";"R22, R28, R30";"RESISTOR, American symbol";"";"";"";"";"";"34";"";"";"R";"";"";
"1";"P9221-R03MM_PAD";"P9221-R03MM_PAD";"CSP52_2P64X3P94_0P4MM_03MMPAD";"U1";"Renesas/IDT P9221-R 15W Qi Wireless Charging Receiver";"";"800-3932-2-ND";"Renesas Electronics America Inc.";"P9221-RAHGI8";"";"";"";"";"";"";"";
"1";"THERMISTOR-2,5";"THERMISTOR-2,5";"RS-2,5";"RTS";"THERMISTOR";"";"";"";"";"";"0";"";"";"";"";"";
"1";"TP_18V";"TPB1,27";"B1,27";"TP1";"Test pad";"";"";"";"";"";"19";"";"";"";"TP_18V";"";
"1";"TP_GND";"TPB1,27";"B1,27";"TP2";"Test pad";"";"";"";"";"";"19";"";"";"";"TP_GND";"";
"1";"U.FL";"U.FL2PIN";"U.FL";"J1";"SMD Antenna Connector - U.FL";"";"A144746CT-ND";"TE Connectivity AMP Connectors";"2337019-1";"";"";"CONN-09193";"WRL-09144";"";"";"U.FL";
"1";"XM1110 GPS";"XM1110_GPS";"XM1110_GPS";"U2";"AirPrime XM1110 GPS";"";"1645-XM1110_1104311CT-ND";"Sierra Wireless";"XM1110_1104311";"";"";"";"";"";"";"XM1110 GPS";
